{
  "project_info": {
    "project_number": "921036321301",
    "project_id": "cmput301test-cdac2",
    "storage_bucket": "cmput301test-cdac2.firebasestorage.app"
  },
  "client": [
    {
      "client_info": {
        "mobilesdk_app_id": "1:921036321301:android:ba5431e5fdd1ac8342941c",
        "android_client_info": {
          "package_name": "com.example.cmput301project"
        }
      },
      "oauth_client": [],
      "api_key": [
        {
          "current_key": "AIzaSyBamHNhHf080PrC24oEDgC5BqDorgnHl00"
        }
      ],
      "services": {
        "appinvite_service": {
          "other_platform_oauth_client": []
        }
      }
    }
  ],
  "configuration_version": "1"
}